NAME	GS<br> follow link to MSigDB	GS DETAILS	SIZE	ES	NES	NOM p-val	FDR q-val	FWER p-val	RANK AT MAX	LEADING EDGE	
GOCC_NUCLEOLUS	GOCC_NUCLEOLUS	Details ...	43	-0.5467984	-1.7697809	0.0020242915	0.21139966	0.198	73	tags=21%, list=13%, signal=22%	
GOCC_RIBONUCLEOPROTEIN_COMPLEX	GOCC_RIBONUCLEOPROTEIN_COMPLEX	Details ...	18	-0.6569025	-1.6604904	0.042145595	0.41576707	0.406	74	tags=44%, list=14%, signal=50%	
GOBP_MITOCHONDRION_ORGANIZATION	GOBP_MITOCHONDRION_ORGANIZATION	Details ...	15	-0.5957337	-1.5794835	0.045889102	0.64676124	0.529	34	tags=20%, list=6%, signal=21%	
GOCC_ORGANELLE_INNER_MEMBRANE	GOCC_ORGANELLE_INNER_MEMBRANE	Details ...	15	-0.5962751	-1.5311346	0.071428575	0.7563844	0.568	157	tags=60%, list=29%, signal=82%	
GOBP_INTRACELLULAR_PROTEIN_TRANSPORT	GOBP_INTRACELLULAR_PROTEIN_TRANSPORT	Details ...	27	-0.50994456	-1.4907091	0.054655872	0.86055917	0.597	65	tags=26%, list=12%, signal=28%	
GOBP_IMMUNE_RESPONSE	GOBP_IMMUNE_RESPONSE	Details ...	27	-0.5058316	-1.475169	0.059880238	0.8223774	0.604	105	tags=41%, list=19%, signal=48%	
GOBP_POST_TRANSCRIPTIONAL_REGULATION_OF_GENE_EXPRESSION	GOBP_POST_TRANSCRIPTIONAL_REGULATION_OF_GENE_EXPRESSION	Details ...	18	-0.55428356	-1.4455514	0.0501002	0.88583213	0.625	105	tags=28%, list=19%, signal=33%	
GOBP_ENDOMEMBRANE_SYSTEM_ORGANIZATION	GOBP_ENDOMEMBRANE_SYSTEM_ORGANIZATION	Details ...	15	-0.53739095	-1.4438455	0.08134921	0.786084	0.626	57	tags=27%, list=10%, signal=29%	
GOBP_MAINTENANCE_OF_LOCATION	GOBP_MAINTENANCE_OF_LOCATION	Details ...	16	-0.5229101	-1.4210179	0.07047619	0.8310972	0.636	137	tags=50%, list=25%, signal=65%	
GOBP_PEPTIDE_METABOLIC_PROCESS	GOBP_PEPTIDE_METABOLIC_PROCESS	Details ...	22	-0.4982358	-1.407238	0.05882353	0.8248765	0.64	133	tags=50%, list=24%, signal=63%	
GOBP_ESTABLISHMENT_OF_PROTEIN_LOCALIZATION_TO_ORGANELLE	GOBP_ESTABLISHMENT_OF_PROTEIN_LOCALIZATION_TO_ORGANELLE	Details ...	15	-0.51164335	-1.3858062	0.11020408	0.86530447	0.647	119	tags=40%, list=22%, signal=50%	
HP_RESPIRATORY_INSUFFICIENCY	HP_RESPIRATORY_INSUFFICIENCY	Details ...	17	-0.4950076	-1.383398	0.10714286	0.80852354	0.648	68	tags=29%, list=12%, signal=33%	
GOCC_MITOCHONDRION	GOCC_MITOCHONDRION	Details ...	42	-0.45823815	-1.3822218	0.15384616	0.7523314	0.648	35	tags=19%, list=6%, signal=19%	
GOBP_CALCIUM_ION_TRANSPORT	GOBP_CALCIUM_ION_TRANSPORT	Details ...	16	-0.5009899	-1.3512361	0.11377245	0.8564716	0.656	82	tags=50%, list=15%, signal=57%	
GOMF_AMIDE_BINDING	GOMF_AMIDE_BINDING	Details ...	15	-0.49230796	-1.3339596	0.14609054	0.8883386	0.662	49	tags=27%, list=9%, signal=28%	
GOBP_CELLULAR_AMIDE_METABOLIC_PROCESS	GOBP_CELLULAR_AMIDE_METABOLIC_PROCESS	Details ...	30	-0.43820837	-1.320439	0.1523046	0.90614766	0.668	77	tags=30%, list=14%, signal=33%	
GOBP_DEFENSE_RESPONSE_TO_OTHER_ORGANISM	GOBP_DEFENSE_RESPONSE_TO_OTHER_ORGANISM	Details ...	15	-0.49628067	-1.3153692	0.16532259	0.87873477	0.671	105	tags=33%, list=19%, signal=40%	
GOCC_NUCLEAR_BODY	GOCC_NUCLEAR_BODY	Details ...	20	-0.47060975	-1.3048451	0.09126984	0.8839422	0.674	16	tags=15%, list=3%, signal=15%	
GOBP_SENSORY_PERCEPTION	GOBP_SENSORY_PERCEPTION	Details ...	15	-0.5065277	-1.2923995	0.19560878	0.9034863	0.681	42	tags=33%, list=8%, signal=35%	
GOBP_REGULATION_OF_PROTEOLYSIS	GOBP_REGULATION_OF_PROTEOLYSIS	Details ...	16	-0.43884426	-1.289642	0.15430862	0.8720921	0.682	149	tags=56%, list=27%, signal=75%	
GOMF_RNA_BINDING	GOMF_RNA_BINDING		43	-0.42377493	-1.277901	0.1812749	0.888842	0.689	77	tags=21%, list=14%, signal=22%	
GOBP_CALCIUM_ION_TRANSMEMBRANE_TRANSPORT	GOBP_CALCIUM_ION_TRANSMEMBRANE_TRANSPORT		15	-0.47125992	-1.2718042	0.18786693	0.87695104	0.691	82	tags=47%, list=15%, signal=53%	
GOMF_MRNA_BINDING	GOMF_MRNA_BINDING		16	-0.5379589	-1.264693	0.21259843	0.8716539	0.694	9	tags=13%, list=2%, signal=12%	
GOBP_PEPTIDE_BIOSYNTHETIC_PROCESS	GOBP_PEPTIDE_BIOSYNTHETIC_PROCESS		18	-0.4527836	-1.2637748	0.18525897	0.8392397	0.694	133	tags=50%, list=24%, signal=64%	
HP_ABNORMAL_RETINAL_MORPHOLOGY	HP_ABNORMAL_RETINAL_MORPHOLOGY		22	-0.45222235	-1.2581223	0.19842829	0.83008224	0.696	123	tags=45%, list=22%, signal=56%	
GOBP_RNA_PROCESSING	GOBP_RNA_PROCESSING		35	-0.4025022	-1.2527673	0.19003691	0.82197505	0.697	113	tags=20%, list=21%, signal=24%	
GOBP_REGULATION_OF_RESPONSE_TO_STRESS	GOBP_REGULATION_OF_RESPONSE_TO_STRESS		24	-0.39642426	-1.2412117	0.19456068	0.84246	0.704	74	tags=29%, list=14%, signal=32%	
GOBP_DEFENSE_RESPONSE	GOBP_DEFENSE_RESPONSE		31	-0.38285774	-1.2321976	0.20916335	0.84964776	0.706	105	tags=29%, list=19%, signal=34%	
GOBP_PROTEIN_LOCALIZATION_TO_ORGANELLE	GOBP_PROTEIN_LOCALIZATION_TO_ORGANELLE		30	-0.4249655	-1.2295992	0.17813765	0.8302958	0.706	155	tags=43%, list=28%, signal=57%	
HP_ABNORMALITY_OF_PELVIC_GIRDLE_BONE_MORPHOLOGY	HP_ABNORMALITY_OF_PELVIC_GIRDLE_BONE_MORPHOLOGY		18	-0.43909672	-1.2160393	0.2555332	0.8590321	0.711	71	tags=33%, list=13%, signal=37%	
GOBP_INTRACELLULAR_TRANSPORT	GOBP_INTRACELLULAR_TRANSPORT		52	-0.37624162	-1.2018892	0.17107943	0.88950604	0.716	65	tags=19%, list=12%, signal=20%	
GOBP_ORGANONITROGEN_COMPOUND_CATABOLIC_PROCESS	GOBP_ORGANONITROGEN_COMPOUND_CATABOLIC_PROCESS		33	-0.3769573	-1.1887332	0.22334003	0.9157325	0.721	142	tags=42%, list=26%, signal=54%	
GOBP_ORGANELLE_ASSEMBLY	GOBP_ORGANELLE_ASSEMBLY		23	-0.4208563	-1.1881602	0.2579365	0.8906405	0.722	145	tags=43%, list=26%, signal=57%	
GOBP_SMALL_MOLECULE_METABOLIC_PROCESS	GOBP_SMALL_MOLECULE_METABOLIC_PROCESS		42	-0.37233144	-1.1735897	0.23865877	0.9237767	0.729	21	tags=12%, list=4%, signal=11%	
GOBP_ESTABLISHMENT_OF_PROTEIN_LOCALIZATION	GOBP_ESTABLISHMENT_OF_PROTEIN_LOCALIZATION		59	-0.34791327	-1.1501634	0.2689243	0.99697614	0.741	65	tags=17%, list=12%, signal=17%	
GOBP_MAPK_CASCADE	GOBP_MAPK_CASCADE		17	-0.39295593	-1.1280234	0.29740518	1.0	0.754	58	tags=29%, list=11%, signal=32%	
GOBP_METAL_ION_TRANSPORT	GOBP_METAL_ION_TRANSPORT		33	-0.36444202	-1.1244807	0.30416667	1.0	0.756	90	tags=39%, list=16%, signal=44%	
GOBP_ORGANIC_ACID_METABOLIC_PROCESS	GOBP_ORGANIC_ACID_METABOLIC_PROCESS		18	-0.40576985	-1.1233975	0.31445312	1.0	0.757	8	tags=11%, list=1%, signal=11%	
GOCC_MITOCHONDRIAL_ENVELOPE	GOCC_MITOCHONDRIAL_ENVELOPE		22	-0.39655805	-1.1061273	0.37931034	1.0	0.769	157	tags=50%, list=29%, signal=67%	
GOBP_POSITIVE_REGULATION_OF_PROTEIN_METABOLIC_PROCESS	GOBP_POSITIVE_REGULATION_OF_PROTEIN_METABOLIC_PROCESS		36	-0.34234402	-1.1028606	0.3298969	1.0	0.774	149	tags=44%, list=27%, signal=57%	
HP_ABNORMALITY_OF_THE_CEREBROSPINAL_FLUID	HP_ABNORMALITY_OF_THE_CEREBROSPINAL_FLUID		15	-0.41836408	-1.0973033	0.37425742	1.0	0.778	89	tags=27%, list=16%, signal=31%	
GOBP_CELLULAR_RESPONSE_TO_HORMONE_STIMULUS	GOBP_CELLULAR_RESPONSE_TO_HORMONE_STIMULUS		17	-0.37780935	-1.092232	0.33535352	1.0	0.781	176	tags=53%, list=32%, signal=76%	
GOBP_CELLULAR_MACROMOLECULE_CATABOLIC_PROCESS	GOBP_CELLULAR_MACROMOLECULE_CATABOLIC_PROCESS		29	-0.36982095	-1.0867057	0.38945234	1.0	0.782	142	tags=48%, list=26%, signal=62%	
GOMF_TRANSFERASE_ACTIVITY_TRANSFERRING_PHOSPHORUS_CONTAINING_GROUPS	GOMF_TRANSFERASE_ACTIVITY_TRANSFERRING_PHOSPHORUS_CONTAINING_GROUPS		24	-0.3668997	-1.0784565	0.37109375	1.0	0.789	94	tags=25%, list=17%, signal=29%	
GOBP_REGULATION_OF_RESPONSE_TO_EXTERNAL_STIMULUS	GOBP_REGULATION_OF_RESPONSE_TO_EXTERNAL_STIMULUS		17	-0.3716785	-1.0719229	0.37724552	1.0	0.798	105	tags=29%, list=19%, signal=35%	
GOBP_BIOLOGICAL_PROCESS_INVOLVED_IN_INTERSPECIES_INTERACTION_BETWEEN_ORGANISMS	GOBP_BIOLOGICAL_PROCESS_INVOLVED_IN_INTERSPECIES_INTERACTION_BETWEEN_ORGANISMS		25	-0.3533068	-1.0695051	0.3891129	1.0	0.8	31	tags=16%, list=6%, signal=16%	
GOBP_LIPID_BIOSYNTHETIC_PROCESS	GOBP_LIPID_BIOSYNTHETIC_PROCESS		16	-0.4126066	-1.0674644	0.38047808	1.0	0.801	130	tags=38%, list=24%, signal=48%	
GOMF_PROTEIN_DIMERIZATION_ACTIVITY	GOMF_PROTEIN_DIMERIZATION_ACTIVITY		27	-0.3629667	-1.0668554	0.3732535	1.0	0.801	72	tags=22%, list=13%, signal=24%	
GOBP_AMIDE_BIOSYNTHETIC_PROCESS	GOBP_AMIDE_BIOSYNTHETIC_PROCESS		21	-0.3633291	-1.0461657	0.40039447	1.0	0.811	151	tags=48%, list=28%, signal=63%	
GOBP_ORGANONITROGEN_COMPOUND_BIOSYNTHETIC_PROCESS	GOBP_ORGANONITROGEN_COMPOUND_BIOSYNTHETIC_PROCESS		43	-0.33480024	-1.0428616	0.3841584	1.0	0.813	138	tags=42%, list=25%, signal=52%	
HP_ABNORMAL_JOINT_MORPHOLOGY	HP_ABNORMAL_JOINT_MORPHOLOGY		18	-0.37358603	-1.0329667	0.45364892	1.0	0.818	71	tags=28%, list=13%, signal=31%	
GOBP_POSITIVE_REGULATION_OF_INTRACELLULAR_SIGNAL_TRANSDUCTION	GOBP_POSITIVE_REGULATION_OF_INTRACELLULAR_SIGNAL_TRANSDUCTION		27	-0.338017	-1.026883	0.41916168	1.0	0.821	79	tags=30%, list=14%, signal=33%	
GOCC_CILIUM	GOCC_CILIUM		22	-0.35373434	-1.0130347	0.48467433	1.0	0.826	117	tags=36%, list=21%, signal=44%	
GOCC_NUCLEAR_OUTER_MEMBRANE_ENDOPLASMIC_RETICULUM_MEMBRANE_NETWORK	GOCC_NUCLEAR_OUTER_MEMBRANE_ENDOPLASMIC_RETICULUM_MEMBRANE_NETWORK		37	-0.33103362	-1.008939	0.48185483	1.0	0.827	118	tags=32%, list=22%, signal=39%	
GOBP_RAS_PROTEIN_SIGNAL_TRANSDUCTION	GOBP_RAS_PROTEIN_SIGNAL_TRANSDUCTION		23	-0.35014254	-1.0068746	0.46975806	1.0	0.827	63	tags=22%, list=11%, signal=24%	
HP_ABNORMAL_CORNEA_MORPHOLOGY	HP_ABNORMAL_CORNEA_MORPHOLOGY		17	-0.36970636	-1.001788	0.45398772	1.0	0.833	123	tags=35%, list=22%, signal=44%	
HP_ABNORMAL_RESPIRATORY_SYSTEM_MORPHOLOGY	HP_ABNORMAL_RESPIRATORY_SYSTEM_MORPHOLOGY		33	-0.34130937	-1.0001062	0.499002	1.0	0.835	74	tags=24%, list=14%, signal=26%	
HP_LOCALIZED_SKIN_LESION	HP_LOCALIZED_SKIN_LESION		20	-0.35571674	-0.9933128	0.4950884	1.0	0.84	123	tags=40%, list=22%, signal=50%	
GOCC_CENTROSOME	GOCC_CENTROSOME		19	-0.34743524	-0.99257946	0.48235294	1.0	0.84	71	tags=21%, list=13%, signal=23%	
GOBP_CIRCULATORY_SYSTEM_DEVELOPMENT	GOBP_CIRCULATORY_SYSTEM_DEVELOPMENT		24	-0.3556167	-0.98859125	0.49301398	1.0	0.844	105	tags=25%, list=19%, signal=30%	
GOBP_PROTEOLYSIS	GOBP_PROTEOLYSIS		42	-0.3087564	-0.9860602	0.500998	1.0	0.846	119	tags=33%, list=22%, signal=39%	
GOBP_PROTEASOMAL_PROTEIN_CATABOLIC_PROCESS	GOBP_PROTEASOMAL_PROTEIN_CATABOLIC_PROCESS		16	-0.37354207	-0.98601156	0.4860558	1.0	0.846	114	tags=44%, list=21%, signal=54%	
GOBP_INFLAMMATORY_RESPONSE	GOBP_INFLAMMATORY_RESPONSE		17	-0.32891235	-0.9811512	0.5070707	1.0	0.848	105	tags=29%, list=19%, signal=35%	
GOBP_CELL_ACTIVATION	GOBP_CELL_ACTIVATION		20	-0.36068305	-0.98047465	0.48785424	1.0	0.848	74	tags=30%, list=14%, signal=33%	
HP_FUNCTIONAL_ABNORMALITY_OF_THE_GASTROINTESTINAL_TRACT	HP_FUNCTIONAL_ABNORMALITY_OF_THE_GASTROINTESTINAL_TRACT		15	-0.36792558	-0.97746265	0.55186725	1.0	0.85	13	tags=13%, list=2%, signal=13%	
HP_INFANTILE_ONSET	HP_INFANTILE_ONSET		17	-0.35719842	-0.97307837	0.5171026	1.0	0.852	42	tags=18%, list=8%, signal=19%	
HP_ORAL_CLEFT	HP_ORAL_CLEFT		16	-0.3596717	-0.9727576	0.5099602	1.0	0.853	114	tags=31%, list=21%, signal=38%	
GOBP_IMMUNE_SYSTEM_DEVELOPMENT	GOBP_IMMUNE_SYSTEM_DEVELOPMENT		17	-0.35577804	-0.9718123	0.5339806	0.99945134	0.855	18	tags=18%, list=3%, signal=18%	
GOBP_CARBOHYDRATE_METABOLIC_PROCESS	GOBP_CARBOHYDRATE_METABOLIC_PROCESS		16	-0.35515276	-0.96910805	0.518591	0.99307	0.855	121	tags=38%, list=22%, signal=47%	
GOBP_POSITIVE_REGULATION_OF_PROTEIN_MODIFICATION_PROCESS	GOBP_POSITIVE_REGULATION_OF_PROTEIN_MODIFICATION_PROCESS		25	-0.32392684	-0.9643938	0.51703405	0.99276173	0.857	142	tags=40%, list=26%, signal=52%	
HP_HIGH_PALATE	HP_HIGH_PALATE		20	-0.34227052	-0.9639699	0.53216374	0.97990817	0.857	123	tags=35%, list=22%, signal=43%	
HP_ABNORMAL_JAW_MORPHOLOGY	HP_ABNORMAL_JAW_MORPHOLOGY		27	-0.32155588	-0.9626135	0.5297619	0.9706104	0.858	123	tags=33%, list=22%, signal=41%	
HP_ABNORMALITY_OF_FACIAL_SKELETON	HP_ABNORMALITY_OF_FACIAL_SKELETON		30	-0.32077324	-0.958657	0.5366337	0.9697003	0.862	123	tags=33%, list=22%, signal=41%	
GOBP_PROTEOLYSIS_INVOLVED_IN_PROTEIN_CATABOLIC_PROCESS	GOBP_PROTEOLYSIS_INVOLVED_IN_PROTEIN_CATABOLIC_PROCESS		24	-0.33169916	-0.9572265	0.5598377	0.9604672	0.862	142	tags=46%, list=26%, signal=59%	
GOMF_KINASE_ACTIVITY	GOMF_KINASE_ACTIVITY		20	-0.3350678	-0.9540514	0.546875	0.9567223	0.864	116	tags=30%, list=21%, signal=37%	
GOMF_OXIDOREDUCTASE_ACTIVITY	GOMF_OXIDOREDUCTASE_ACTIVITY		16	-0.35753575	-0.94428116	0.5350701	0.97210056	0.872	137	tags=38%, list=25%, signal=49%	
GOBP_MACROMOLECULE_CATABOLIC_PROCESS	GOBP_MACROMOLECULE_CATABOLIC_PROCESS		35	-0.294352	-0.9367347	0.57377046	0.98131496	0.876	142	tags=40%, list=26%, signal=51%	
GOBP_CELLULAR_ION_HOMEOSTASIS	GOBP_CELLULAR_ION_HOMEOSTASIS		15	-0.33111396	-0.9336713	0.5793499	0.9777977	0.88	52	tags=27%, list=9%, signal=29%	
GOBP_METAL_ION_HOMEOSTASIS	GOBP_METAL_ION_HOMEOSTASIS		15	-0.33248436	-0.9328611	0.5651341	0.9678909	0.88	52	tags=27%, list=9%, signal=29%	
GOBP_CELLULAR_MACROMOLECULE_BIOSYNTHETIC_PROCESS	GOBP_CELLULAR_MACROMOLECULE_BIOSYNTHETIC_PROCESS		33	-0.30858427	-0.93209416	0.5671937	0.95821273	0.881	138	tags=42%, list=25%, signal=53%	
GOBP_CATION_TRANSPORT	GOBP_CATION_TRANSPORT		43	-0.28105164	-0.9276062	0.6077236	0.95832425	0.886	90	tags=30%, list=16%, signal=33%	
GOBP_ANATOMICAL_STRUCTURE_FORMATION_INVOLVED_IN_MORPHOGENESIS	GOBP_ANATOMICAL_STRUCTURE_FORMATION_INVOLVED_IN_MORPHOGENESIS		26	-0.32418668	-0.92750436	0.59504133	0.94699633	0.886	105	tags=31%, list=19%, signal=36%	
HP_ABNORMALITY_OF_TOE	HP_ABNORMALITY_OF_TOE		17	-0.3355278	-0.9235689	0.5841584	0.946622	0.888	89	tags=29%, list=16%, signal=34%	
GOMF_PROTEIN_HOMODIMERIZATION_ACTIVITY	GOMF_PROTEIN_HOMODIMERIZATION_ACTIVITY		18	-0.32850826	-0.92242897	0.591716	0.9383182	0.889	59	tags=17%, list=11%, signal=18%	
GOBP_POSITIVE_REGULATION_OF_SIGNALING	GOBP_POSITIVE_REGULATION_OF_SIGNALING		49	-0.28153998	-0.92035824	0.61764705	0.9329234	0.89	79	tags=22%, list=14%, signal=24%	
GOMF_GTPASE_BINDING	GOMF_GTPASE_BINDING		23	-0.32661095	-0.917495	0.6484848	0.9293813	0.891	113	tags=22%, list=21%, signal=26%	
HP_DYSTONIA	HP_DYSTONIA		18	-0.3136605	-0.9142891	0.6072187	0.9272667	0.893	12	tags=11%, list=2%, signal=11%	
HP_ABNORMAL_PALATE_MORPHOLOGY	HP_ABNORMAL_PALATE_MORPHOLOGY		29	-0.30413917	-0.910932	0.5968689	0.9253041	0.894	123	tags=31%, list=22%, signal=38%	
GOBP_INORGANIC_ION_TRANSMEMBRANE_TRANSPORT	GOBP_INORGANIC_ION_TRANSMEMBRANE_TRANSPORT		37	-0.28647336	-0.9092193	0.658	0.91927093	0.895	90	tags=30%, list=16%, signal=33%	
GOBP_ION_HOMEOSTASIS	GOBP_ION_HOMEOSTASIS		17	-0.31342408	-0.90791976	0.6119691	0.91218746	0.895	52	tags=24%, list=9%, signal=25%	
GOBP_RESPONSE_TO_HORMONE	GOBP_RESPONSE_TO_HORMONE		20	-0.30781677	-0.9071992	0.606	0.90402377	0.896	176	tags=45%, list=32%, signal=64%	
HP_ABNORMAL_VASCULAR_MORPHOLOGY	HP_ABNORMAL_VASCULAR_MORPHOLOGY		26	-0.3182907	-0.9049501	0.6166008	0.8994715	0.896	123	tags=38%, list=22%, signal=47%	
GOBP_LOCALIZATION_WITHIN_MEMBRANE	GOBP_LOCALIZATION_WITHIN_MEMBRANE		15	-0.32831156	-0.8958495	0.6003976	0.91248685	0.902	49	tags=20%, list=9%, signal=21%	
HP_IMPAIRMENT_IN_PERSONALITY_FUNCTIONING	HP_IMPAIRMENT_IN_PERSONALITY_FUNCTIONING		19	-0.30429527	-0.89534104	0.6012526	0.9039869	0.902	12	tags=11%, list=2%, signal=10%	
GOBP_CELLULAR_RESPONSE_TO_OXYGEN_CONTAINING_COMPOUND	GOBP_CELLULAR_RESPONSE_TO_OXYGEN_CONTAINING_COMPOUND		30	-0.27839842	-0.89434135	0.62721896	0.8969704	0.903	110	tags=30%, list=20%, signal=35%	
GOBP_REGULATION_OF_CATION_TRANSMEMBRANE_TRANSPORT	GOBP_REGULATION_OF_CATION_TRANSMEMBRANE_TRANSPORT		15	-0.31513566	-0.8932571	0.6039604	0.8908188	0.904	82	tags=33%, list=15%, signal=38%	
GOBP_PROTEIN_CONTAINING_COMPLEX_ORGANIZATION	GOBP_PROTEIN_CONTAINING_COMPLEX_ORGANIZATION		46	-0.28477404	-0.89279956	0.6027668	0.8824971	0.904	113	tags=24%, list=21%, signal=28%	
GOBP_NEGATIVE_REGULATION_OF_GENE_EXPRESSION	GOBP_NEGATIVE_REGULATION_OF_GENE_EXPRESSION		26	-0.30499545	-0.8860044	0.6325678	0.88978064	0.907	113	tags=23%, list=21%, signal=28%	
GOBP_PROTEIN_CATABOLIC_PROCESS	GOBP_PROTEIN_CATABOLIC_PROCESS		26	-0.29019782	-0.8807358	0.6511156	0.8938739	0.91	142	tags=42%, list=26%, signal=54%	
HP_ABNORMALITY_OF_THE_LOWER_URINARY_TRACT	HP_ABNORMALITY_OF_THE_LOWER_URINARY_TRACT		16	-0.33272684	-0.88038474	0.618	0.8857797	0.91	89	tags=25%, list=16%, signal=29%	
HP_RESPIRATORY_TRACT_INFECTION	HP_RESPIRATORY_TRACT_INFECTION		18	-0.33453062	-0.87772506	0.644	0.88366187	0.911	68	tags=17%, list=12%, signal=18%	
GOCC_SUPRAMOLECULAR_COMPLEX	GOCC_SUPRAMOLECULAR_COMPLEX		41	-0.29370606	-0.87332386	0.64880955	0.8851769	0.911	120	tags=34%, list=22%, signal=40%	
HP_ABNORMALITY_OF_PRENATAL_DEVELOPMENT_OR_BIRTH	HP_ABNORMALITY_OF_PRENATAL_DEVELOPMENT_OR_BIRTH		26	-0.30536884	-0.8675426	0.6811881	0.88993996	0.912	108	tags=27%, list=20%, signal=32%	
GOCC_MICROTUBULE_ORGANIZING_CENTER	GOCC_MICROTUBULE_ORGANIZING_CENTER		23	-0.29719588	-0.8615288	0.6738703	0.8965987	0.919	71	tags=17%, list=13%, signal=19%	
GOBP_POSITIVE_REGULATION_OF_TRANSPORT	GOBP_POSITIVE_REGULATION_OF_TRANSPORT		24	-0.27577662	-0.8543441	0.67479676	0.90384644	0.922	54	tags=21%, list=10%, signal=22%	
GOBP_POSITIVE_REGULATION_OF_PHOSPHORYLATION	GOBP_POSITIVE_REGULATION_OF_PHOSPHORYLATION		20	-0.29683605	-0.8528176	0.689243	0.8991262	0.922	74	tags=20%, list=14%, signal=22%	
HP_ABNORMALITY_OF_LONG_BONE_MORPHOLOGY	HP_ABNORMALITY_OF_LONG_BONE_MORPHOLOGY		19	-0.29572797	-0.85253155	0.70672095	0.89128727	0.922	89	tags=26%, list=16%, signal=30%	
GOBP_RESPONSE_TO_OXYGEN_CONTAINING_COMPOUND	GOBP_RESPONSE_TO_OXYGEN_CONTAINING_COMPOUND		35	-0.25710398	-0.84614193	0.7202381	0.89882034	0.924	110	tags=29%, list=20%, signal=33%	
GOBP_MULTICELLULAR_ORGANISM_REPRODUCTION	GOBP_MULTICELLULAR_ORGANISM_REPRODUCTION		15	-0.3009269	-0.8435118	0.65843624	0.89909804	0.925	121	tags=33%, list=22%, signal=42%	
GOBP_POSITIVE_REGULATION_OF_ORGANELLE_ORGANIZATION	GOBP_POSITIVE_REGULATION_OF_ORGANELLE_ORGANIZATION		15	-0.31507948	-0.8426767	0.68916154	0.8928664	0.925	18	tags=13%, list=3%, signal=13%	
HP_ONSET	HP_ONSET		39	-0.276333	-0.84151447	0.69857436	0.8872872	0.925	74	tags=21%, list=14%, signal=22%	
GOCC_MICROTUBULE	GOCC_MICROTUBULE		19	-0.30772227	-0.84016013	0.71089107	0.8824156	0.925	164	tags=47%, list=30%, signal=65%	
HP_ABNORMALITY_OF_THE_NASAL_ALAE	HP_ABNORMALITY_OF_THE_NASAL_ALAE		16	-0.31083244	-0.8387103	0.7123016	0.87819934	0.927	31	tags=13%, list=6%, signal=13%	
GOBP_POSITIVE_REGULATION_OF_PHOSPHORUS_METABOLIC_PROCESS	GOBP_POSITIVE_REGULATION_OF_PHOSPHORUS_METABOLIC_PROCESS		21	-0.28232825	-0.8372022	0.7090164	0.8742226	0.928	74	tags=19%, list=14%, signal=21%	
HP_ABNORMAL_INTESTINE_MORPHOLOGY	HP_ABNORMAL_INTESTINE_MORPHOLOGY		16	-0.32569247	-0.83402467	0.68063873	0.87463087	0.931	89	tags=31%, list=16%, signal=36%	
HP_UNUSUAL_INFECTION	HP_UNUSUAL_INFECTION		20	-0.3127396	-0.8323833	0.70119524	0.8705316	0.931	71	tags=20%, list=13%, signal=22%	
HP_ABNORMAL_FINGER_PHALANX_MORPHOLOGY	HP_ABNORMAL_FINGER_PHALANX_MORPHOLOGY		17	-0.3061603	-0.8316823	0.6760563	0.8644371	0.931	89	tags=29%, list=16%, signal=34%	
GOBP_POSITIVE_REGULATION_OF_CELL_DEATH	GOBP_POSITIVE_REGULATION_OF_CELL_DEATH		18	-0.2741317	-0.8178156	0.72392637	0.8863657	0.938	156	tags=44%, list=28%, signal=60%	
GOBP_DEVELOPMENTAL_PROCESS_INVOLVED_IN_REPRODUCTION	GOBP_DEVELOPMENTAL_PROCESS_INVOLVED_IN_REPRODUCTION		17	-0.29112825	-0.81756806	0.699187	0.87960327	0.938	127	tags=35%, list=23%, signal=45%	
HP_APLASIA_HYPOPLASIA_AFFECTING_BONES_OF_THE_AXIAL_SKELETON	HP_APLASIA_HYPOPLASIA_AFFECTING_BONES_OF_THE_AXIAL_SKELETON		25	-0.26985323	-0.814829	0.754	0.8783061	0.94	123	tags=32%, list=22%, signal=39%	
GOMF_HYDROLASE_ACTIVITY_ACTING_ON_ESTER_BONDS	GOMF_HYDROLASE_ACTIVITY_ACTING_ON_ESTER_BONDS		20	-0.2869962	-0.8133465	0.7480469	0.8750361	0.941	169	tags=40%, list=31%, signal=56%	
GOBP_REGULATION_OF_CATABOLIC_PROCESS	GOBP_REGULATION_OF_CATABOLIC_PROCESS		25	-0.26176235	-0.8076164	0.75506073	0.8797067	0.943	114	tags=36%, list=21%, signal=43%	
GOBP_POSITIVE_REGULATION_OF_LOCOMOTION	GOBP_POSITIVE_REGULATION_OF_LOCOMOTION		17	-0.29194298	-0.8073439	0.7134268	0.8730309	0.943	126	tags=35%, list=23%, signal=44%	
GOMF_MOLECULAR_ADAPTOR_ACTIVITY	GOMF_MOLECULAR_ADAPTOR_ACTIVITY		15	-0.29163808	-0.80667377	0.7289157	0.8681539	0.943	23	tags=13%, list=4%, signal=14%	
HP_ABNORMAL_MORPHOLOGY_OF_THE_GREAT_VESSELS	HP_ABNORMAL_MORPHOLOGY_OF_THE_GREAT_VESSELS		19	-0.29877102	-0.8064211	0.7247525	0.8615459	0.943	74	tags=26%, list=14%, signal=29%	
HP_ABNORMALITY_OF_DIGESTIVE_SYSTEM_MORPHOLOGY	HP_ABNORMALITY_OF_DIGESTIVE_SYSTEM_MORPHOLOGY		17	-0.3097228	-0.8063671	0.71172965	0.85477275	0.943	89	tags=29%, list=16%, signal=34%	
HP_HYPERTELORISM	HP_HYPERTELORISM		17	-0.30232993	-0.8058271	0.7309237	0.8494951	0.944	123	tags=35%, list=22%, signal=44%	
GOBP_POSITIVE_REGULATION_OF_MACROMOLECULE_BIOSYNTHETIC_PROCESS	GOBP_POSITIVE_REGULATION_OF_MACROMOLECULE_BIOSYNTHETIC_PROCESS		33	-0.25360593	-0.79692435	0.81653225	0.8608976	0.949	87	tags=27%, list=16%, signal=30%	
GOBP_REGULATION_OF_INTRACELLULAR_SIGNAL_TRANSDUCTION	GOBP_REGULATION_OF_INTRACELLULAR_SIGNAL_TRANSDUCTION		57	-0.23331985	-0.7880676	0.8012048	0.87129897	0.949	67	tags=18%, list=12%, signal=18%	
HP_ABNORMALITY_OF_THE_NECK	HP_ABNORMALITY_OF_THE_NECK		15	-0.29066032	-0.785982	0.75445545	0.8686433	0.949	31	tags=13%, list=6%, signal=14%	
GOBP_CELLULAR_RESPONSE_TO_STRESS	GOBP_CELLULAR_RESPONSE_TO_STRESS		39	-0.24362911	-0.7802361	0.8016194	0.87355846	0.95	111	tags=28%, list=20%, signal=33%	
GOBP_REGULATION_OF_HORMONE_LEVELS	GOBP_REGULATION_OF_HORMONE_LEVELS		15	-0.28673312	-0.7742495	0.7698574	0.8785141	0.95	37	tags=13%, list=7%, signal=14%	
GOBP_NEGATIVE_REGULATION_OF_MOLECULAR_FUNCTION	GOBP_NEGATIVE_REGULATION_OF_MOLECULAR_FUNCTION		24	-0.26450616	-0.7729833	0.8041237	0.8757816	0.952	105	tags=25%, list=19%, signal=30%	
GOBP_NERVOUS_SYSTEM_PROCESS	GOBP_NERVOUS_SYSTEM_PROCESS		39	-0.2454333	-0.7718936	0.8031496	0.87181824	0.953	42	tags=15%, list=8%, signal=15%	
HP_PEDIATRIC_ONSET	HP_PEDIATRIC_ONSET		25	-0.2672578	-0.7705868	0.76447105	0.86810136	0.954	8	tags=8%, list=1%, signal=8%	
HP_ABNORMAL_REFLEX	HP_ABNORMAL_REFLEX		27	-0.24003483	-0.7678979	0.8447581	0.8674311	0.954	12	tags=7%, list=2%, signal=7%	
GOCC_ENVELOPE	GOCC_ENVELOPE		35	-0.2519879	-0.7623571	0.8153242	0.8718219	0.958	157	tags=37%, list=29%, signal=49%	
GOCC_VACUOLE	GOCC_VACUOLE		26	-0.25681037	-0.7603458	0.78926444	0.87004584	0.958	151	tags=38%, list=28%, signal=51%	
HP_APLASIA_HYPOPLASIA_OF_THE_EXTREMITIES	HP_APLASIA_HYPOPLASIA_OF_THE_EXTREMITIES		19	-0.2735978	-0.7589931	0.7712551	0.8669703	0.958	71	tags=21%, list=13%, signal=23%	
GOMF_MOLECULAR_TRANSDUCER_ACTIVITY	GOMF_MOLECULAR_TRANSDUCER_ACTIVITY		36	-0.23048772	-0.7586341	0.8526971	0.86158293	0.958	52	tags=17%, list=9%, signal=17%	
GOBP_REPRODUCTION	GOBP_REPRODUCTION		29	-0.24302761	-0.75810564	0.81653225	0.8566445	0.958	127	tags=34%, list=23%, signal=43%	
GOCC_CELL_CORTEX	GOCC_CELL_CORTEX		18	-0.2867342	-0.7530166	0.7553816	0.8609861	0.96	31	tags=11%, list=6%, signal=11%	
HP_SPASTICITY	HP_SPASTICITY		27	-0.25006223	-0.7491954	0.8117409	0.8626642	0.964	12	tags=7%, list=2%, signal=7%	
GOCC_SUPRAMOLECULAR_POLYMER	GOCC_SUPRAMOLECULAR_POLYMER		29	-0.25888437	-0.74803764	0.7894737	0.8595669	0.966	164	tags=41%, list=30%, signal=56%	
HP_FETAL_ANOMALY	HP_FETAL_ANOMALY		17	-0.27093694	-0.7412788	0.8665339	0.8663626	0.967	108	tags=24%, list=20%, signal=28%	
HP_ABNORMAL_TESTIS_MORPHOLOGY	HP_ABNORMAL_TESTIS_MORPHOLOGY		26	-0.25682122	-0.7383827	0.8244576	0.8660507	0.968	123	tags=31%, list=22%, signal=38%	
GOCC_SECRETORY_VESICLE	GOCC_SECRETORY_VESICLE		28	-0.23799573	-0.73588586	0.87647057	0.8659354	0.97	99	tags=25%, list=18%, signal=29%	
GOBP_REGULATION_OF_ORGANELLE_ORGANIZATION	GOBP_REGULATION_OF_ORGANELLE_ORGANIZATION		32	-0.24198642	-0.73450655	0.86027944	0.86278623	0.971	19	tags=9%, list=3%, signal=9%	
HP_ABNORMAL_LOWER_LIMB_BONE_MORPHOLOGY	HP_ABNORMAL_LOWER_LIMB_BONE_MORPHOLOGY		21	-0.25023255	-0.73277265	0.8187251	0.8600424	0.971	89	tags=24%, list=16%, signal=27%	
HP_ABNORMAL_THORAX_MORPHOLOGY	HP_ABNORMAL_THORAX_MORPHOLOGY		21	-0.2540316	-0.7317249	0.83265305	0.8556751	0.971	68	tags=19%, list=12%, signal=21%	
GOBP_VASCULATURE_DEVELOPMENT	GOBP_VASCULATURE_DEVELOPMENT		18	-0.2807361	-0.7303684	0.8178054	0.8524933	0.972	105	tags=28%, list=19%, signal=33%	
HP_SHORT_DIGIT	HP_SHORT_DIGIT		19	-0.26038623	-0.7248855	0.80318093	0.8559894	0.972	123	tags=32%, list=22%, signal=39%	
GOBP_SMALL_GTPASE_MEDIATED_SIGNAL_TRANSDUCTION	GOBP_SMALL_GTPASE_MEDIATED_SIGNAL_TRANSDUCTION		33	-0.2373579	-0.7171287	0.87096775	0.86394113	0.972	63	tags=15%, list=11%, signal=16%	
GOCC_POLYMERIC_CYTOSKELETAL_FIBER	GOCC_POLYMERIC_CYTOSKELETAL_FIBER		25	-0.25390884	-0.712868	0.8425197	0.86603504	0.973	164	tags=44%, list=30%, signal=60%	
GOBP_REGULATION_OF_SMALL_GTPASE_MEDIATED_SIGNAL_TRANSDUCTION	GOBP_REGULATION_OF_SMALL_GTPASE_MEDIATED_SIGNAL_TRANSDUCTION		20	-0.2602381	-0.7123543	0.8493976	0.86143297	0.973	63	tags=20%, list=11%, signal=22%	
HP_ABNORMAL_INVOLUNTARY_EYE_MOVEMENTS	HP_ABNORMAL_INVOLUNTARY_EYE_MOVEMENTS		29	-0.23678967	-0.710879	0.88531184	0.85875183	0.973	123	tags=28%, list=22%, signal=34%	
GOBP_MICROTUBULE_BASED_PROCESS	GOBP_MICROTUBULE_BASED_PROCESS		28	-0.2460591	-0.7100531	0.8486056	0.854501	0.973	164	tags=43%, list=30%, signal=58%	
GOCC_TRANSPORT_VESICLE	GOCC_TRANSPORT_VESICLE		16	-0.2690081	-0.7094106	0.8622754	0.850443	0.973	99	tags=25%, list=18%, signal=30%	
HP_CRYPTORCHIDISM	HP_CRYPTORCHIDISM		24	-0.24562223	-0.7072997	0.84705883	0.8487973	0.974	123	tags=29%, list=22%, signal=36%	
GOBP_PEPTIDYL_AMINO_ACID_MODIFICATION	GOBP_PEPTIDYL_AMINO_ACID_MODIFICATION		28	-0.23127851	-0.70121294	0.9092702	0.8543198	0.975	146	tags=36%, list=27%, signal=46%	
GOBP_POSITIVE_REGULATION_OF_GTPASE_ACTIVITY	GOBP_POSITIVE_REGULATION_OF_GTPASE_ACTIVITY		17	-0.25778648	-0.6999138	0.84431136	0.8514592	0.976	91	tags=24%, list=17%, signal=27%	
GOBP_PHOSPHORYLATION	GOBP_PHOSPHORYLATION		46	-0.21534994	-0.69705445	0.9166667	0.8512264	0.977	84	tags=17%, list=15%, signal=19%	
GOBP_REGULATION_OF_CYTOSKELETON_ORGANIZATION	GOBP_REGULATION_OF_CYTOSKELETON_ORGANIZATION		16	-0.2604591	-0.69602036	0.8801653	0.84823614	0.977	19	tags=13%, list=3%, signal=13%	
HP_VENTRICULOMEGALY	HP_VENTRICULOMEGALY		24	-0.23782928	-0.6903821	0.8997955	0.8517091	0.978	89	tags=21%, list=16%, signal=24%	
GOBP_POSITIVE_REGULATION_OF_CATALYTIC_ACTIVITY	GOBP_POSITIVE_REGULATION_OF_CATALYTIC_ACTIVITY		37	-0.21949102	-0.6896859	0.8893443	0.84779674	0.978	28	tags=11%, list=5%, signal=11%	
GOBP_REGULATION_OF_PHOSPHORUS_METABOLIC_PROCESS	GOBP_REGULATION_OF_PHOSPHORUS_METABOLIC_PROCESS		33	-0.22138774	-0.68506134	0.8825996	0.8517362	0.98	84	tags=18%, list=15%, signal=20%	
HP_ABNORMALITY_OF_THE_ABDOMINAL_WALL	HP_ABNORMALITY_OF_THE_ABDOMINAL_WALL		15	-0.25690982	-0.6847041	0.85979384	0.8473211	0.98	108	tags=27%, list=20%, signal=32%	
HP_ABNORMAL_EXTERNAL_GENITALIA	HP_ABNORMAL_EXTERNAL_GENITALIA		28	-0.23477477	-0.68058854	0.87401575	0.85052335	0.981	123	tags=29%, list=22%, signal=35%	
GOBP_MUSCLE_STRUCTURE_DEVELOPMENT	GOBP_MUSCLE_STRUCTURE_DEVELOPMENT		17	-0.2459419	-0.6766426	0.9116466	0.852385	0.981	31	tags=12%, list=6%, signal=12%	
GOBP_REGULATION_OF_PROTEIN_PHOSPHORYLATION	GOBP_REGULATION_OF_PROTEIN_PHOSPHORYLATION		27	-0.22372565	-0.67413807	0.8973843	0.85204864	0.981	105	tags=22%, list=19%, signal=26%	
HP_EXTERNAL_GENITAL_HYPOPLASIA	HP_EXTERNAL_GENITAL_HYPOPLASIA		17	-0.25365335	-0.67133546	0.8602362	0.85192347	0.981	123	tags=35%, list=22%, signal=44%	
GOBP_REGULATION_OF_CELL_DEATH	GOBP_REGULATION_OF_CELL_DEATH		38	-0.2089874	-0.6684784	0.9141104	0.85115224	0.981	71	tags=16%, list=13%, signal=17%	
HP_ABNORMAL_CEREBRAL_VENTRICLE_MORPHOLOGY	HP_ABNORMAL_CEREBRAL_VENTRICLE_MORPHOLOGY		27	-0.22385557	-0.6660473	0.9201597	0.8501629	0.981	89	tags=19%, list=16%, signal=21%	
HP_DEPRESSED_NASAL_BRIDGE	HP_DEPRESSED_NASAL_BRIDGE		19	-0.23172203	-0.6540751	0.8987854	0.86214304	0.981	123	tags=32%, list=22%, signal=39%	
HP_PTOSIS	HP_PTOSIS		23	-0.22136123	-0.6533706	0.9469548	0.85829896	0.981	123	tags=26%, list=22%, signal=32%	
HP_HERNIA	HP_HERNIA		17	-0.23280089	-0.65187436	0.91700405	0.8555031	0.981	71	tags=18%, list=13%, signal=20%	
HP_ABNORMALITY_OF_THE_EXTERNAL_NOSE	HP_ABNORMALITY_OF_THE_EXTERNAL_NOSE		21	-0.22723563	-0.649563	0.90873015	0.8553638	0.983	31	tags=10%, list=6%, signal=10%	
HP_ABNORMAL_PATTERN_OF_RESPIRATION	HP_ABNORMAL_PATTERN_OF_RESPIRATION		15	-0.22358815	-0.64943606	0.94388777	0.8507596	0.983	89	tags=20%, list=16%, signal=23%	
HP_ABNORMAL_BONE_STRUCTURE	HP_ABNORMAL_BONE_STRUCTURE		16	-0.23838711	-0.64538795	0.9258517	0.851291	0.983	71	tags=19%, list=13%, signal=21%	
HP_APLASIA_HYPOPLASIA_INVOLVING_THE_SKELETON	HP_APLASIA_HYPOPLASIA_INVOLVING_THE_SKELETON		31	-0.20651992	-0.6394496	0.96363634	0.85486305	0.983	89	tags=19%, list=16%, signal=22%	
GOBP_ACTIN_FILAMENT_BASED_PROCESS	GOBP_ACTIN_FILAMENT_BASED_PROCESS		29	-0.22588365	-0.6389229	0.93439364	0.85079193	0.983	63	tags=17%, list=11%, signal=18%	
GOBP_NEGATIVE_REGULATION_OF_CELL_DEATH	GOBP_NEGATIVE_REGULATION_OF_CELL_DEATH		19	-0.2167129	-0.6359456	0.90759754	0.8508042	0.984	28	tags=11%, list=5%, signal=11%	
GOCC_PLASMA_MEMBRANE_REGION	GOCC_PLASMA_MEMBRANE_REGION		47	-0.20109332	-0.6346387	0.97352344	0.8477774	0.984	99	tags=19%, list=18%, signal=21%	
GOMF_PROTEIN_CONTAINING_COMPLEX_BINDING	GOMF_PROTEIN_CONTAINING_COMPLEX_BINDING		34	-0.21396093	-0.6324675	0.932	0.8459731	0.984	87	tags=18%, list=16%, signal=20%	
GOBP_POSITIVE_REGULATION_OF_CELL_POPULATION_PROLIFERATION	GOBP_POSITIVE_REGULATION_OF_CELL_POPULATION_PROLIFERATION		15	-0.2332838	-0.6318541	0.87711865	0.8420575	0.984	84	tags=20%, list=15%, signal=23%	
HP_FEEDING_DIFFICULTIES_IN_INFANCY	HP_FEEDING_DIFFICULTIES_IN_INFANCY		21	-0.21488759	-0.62833214	0.9375	0.8432553	0.985	114	tags=29%, list=21%, signal=35%	
GOBP_NEGATIVE_REGULATION_OF_NUCLEOBASE_CONTAINING_COMPOUND_METABOLIC_PROCESS	GOBP_NEGATIVE_REGULATION_OF_NUCLEOBASE_CONTAINING_COMPOUND_METABOLIC_PROCESS		24	-0.22191963	-0.62176985	0.9455645	0.8473933	0.986	160	tags=42%, list=29%, signal=56%	
HP_ABNORMALITY_OF_THE_CURVATURE_OF_THE_VERTEBRAL_COLUMN	HP_ABNORMALITY_OF_THE_CURVATURE_OF_THE_VERTEBRAL_COLUMN		31	-0.19857596	-0.59650445	0.9540918	0.87615967	0.988	89	tags=19%, list=16%, signal=22%	
GOBP_REGULATION_OF_CELL_POPULATION_PROLIFERATION	GOBP_REGULATION_OF_CELL_POPULATION_PROLIFERATION		30	-0.19720423	-0.5953535	0.9444444	0.87287647	0.988	84	tags=13%, list=15%, signal=15%	
GOCC_MICROTUBULE_CYTOSKELETON	GOCC_MICROTUBULE_CYTOSKELETON		40	-0.18960842	-0.57366765	0.9820717	0.89638567	0.991	120	tags=23%, list=22%, signal=27%	
GOBP_TUBE_DEVELOPMENT	GOBP_TUBE_DEVELOPMENT		26	-0.2003389	-0.57049364	0.9610656	0.8963325	0.992	114	tags=23%, list=21%, signal=28%	
GOBP_BLOOD_VESSEL_MORPHOGENESIS	GOBP_BLOOD_VESSEL_MORPHOGENESIS		17	-0.21557686	-0.55756015	0.96370965	0.90822726	0.993	105	tags=24%, list=19%, signal=28%	
HP_ABNORMAL_RENAL_MORPHOLOGY	HP_ABNORMAL_RENAL_MORPHOLOGY		18	-0.21054526	-0.55155706	0.9577465	0.9116792	0.995	89	tags=22%, list=16%, signal=26%	
HP_MOTOR_DELAY	HP_MOTOR_DELAY		21	-0.18783742	-0.5387161	0.9840319	0.9205144	0.996	8	tags=5%, list=1%, signal=5%	
GOBP_NEGATIVE_REGULATION_OF_RNA_METABOLIC_PROCESS	GOBP_NEGATIVE_REGULATION_OF_RNA_METABOLIC_PROCESS		23	-0.19078523	-0.53391665	0.9859155	0.92104053	0.996	160	tags=39%, list=29%, signal=53%	
HP_ABNORMALITY_OF_COORDINATION	HP_ABNORMALITY_OF_COORDINATION		26	-0.17468624	-0.50085825	0.97946614	0.94410485	0.998	165	tags=35%, list=30%, signal=47%	
HP_ABNORMALITY_OF_THE_KIDNEY	HP_ABNORMALITY_OF_THE_KIDNEY		22	-0.17199723	-0.4668322	0.99	0.96525973	0.998	89	tags=18%, list=16%, signal=21%	
